{
  "epoch": [
    1,
    2,
    3,
    4,
    5,
    6,
    7,
    8,
    9,
    10,
    11,
    12,
    13,
    14,
    15,
    16,
    17,
    18,
    19,
    20,
    21,
    22,
    23,
    24,
    25,
    26,
    27,
    28,
    29,
    30,
    31,
    32,
    33,
    34,
    35,
    36,
    37,
    38,
    39,
    40,
    41,
    42,
    43,
    44,
    45,
    46,
    47,
    48,
    49,
    50
  ],
  "train_loss": [
    0.02297515443933662,
    0.00100010892908488,
    0.00041366332412248345,
    0.0002226761766256199,
    0.0001681020179863221,
    0.00014052946530033035,
    0.00012588429802105696,
    0.00012496790350269293,
    0.0001211564105168301,
    0.00011541975605463708,
    0.00011262721026079297,
    0.00011254905413287426,
    0.00011237061166216986,
    0.00011022655988719115,
    0.00011154122941141915,
    0.00010807249587482406,
    0.00010634194053896604,
    0.00010592933592436436,
    0.00010784181917447963,
    0.00010555627354083949,
    0.00010496772093964475,
    0.00010530183317314368,
    0.00010421160459372913,
    0.00010473137548875197,
    0.00010785772636674145,
    0.00010593541524680663,
    0.00010395952930204138,
    0.00010344318928088927,
    0.00010351130718585669,
    0.00010378356169634831,
    0.00010300588655809406,
    0.00010363338008443992,
    0.000103553343771117,
    0.00010486475028821067,
    0.00010447862314322265,
    0.00010270773678452574,
    0.00010279726458455636,
    0.00010283768902549387,
    0.0001026497402563109,
    0.00010248693316888031,
    0.00010245170791936939,
    0.000102325192139168,
    0.0001023498506193781,
    0.00010251394503159515,
    0.00010258963889750053,
    0.00010248701424383658,
    0.00010223331784280682,
    0.00010245030573839488,
    0.00010218758701999573,
    0.00010244185185521408
  ],
  "val_proxy": [
    0.22329899555604374,
    0.6732216579839587,
    0.47258910309756175,
    0.2914463471554752,
    0.2405574260296167,
    0.3702339555935136,
    0.1260008471893213,
    0.06042272795873162,
    0.2510930568220959,
    0.08178411404203091,
    0.10052794919465668,
    0.037831022745064856,
    0.038783557698479854,
    0.01644444619263855,
    0.010521199999077777,
    0.04170381708120528,
    0.008425302452191577,
    0.17710828285739158,
    0.13016470892970183,
    0.032890735250215845,
    0.007579342208503347,
    0.02330097578149954,
    0.09039371875405777,
    0.006308905886336496,
    0.049069527384874946,
    0.008976448034185782,
    0.011251087071806458,
    0.01071142876545699,
    0.012395046686703739,
    0.15110643990712042,
    0.03266574908879453,
    0.197752039443003,
    0.2603422676235953,
    0.013243943041223767,
    0.06764312295542498,
    0.05915077269310132,
    0.005838450215898254,
    0.03271683318390777,
    0.014857839818952405,
    0.03947047288966132,
    0.035829078155594676,
    0.04092122573638335,
    0.045111882562715824,
    0.021236290101244646,
    0.02993290499268499,
    0.06429699334278537,
    0.06168144404468227,
    0.03698755404807993,
    0.06709012184728635,
    0.044284703680854624
  ],
  "lr": [
    0.0002997040092642407,
    0.0002988172051971717,
    0.0002973430876093033,
    0.00029528747416929463,
    0.00029265847744427303,
    0.0002894664728832377,
    0.000285724057869903,
    0.00028144600200657956,
    0.0002766491888253023,
    0.00027135254915624217,
    0.0002655769864163684,
    0.0002593452941132117,
    0.0002526820658893033,
    0.0002456135984623034,
    0.00023816778784387096,
    0.00023037401924684944,
    0.00022226305111525726,
    0.00021386689373476087,
    0.00020521868290270169,
    0.00019635254915624208,
    0.00018730348307472816,
    0.00017810719718785867,
    0.00016879998503464564,
    0.000159418577929397,
    0.00015,
    0.000140581422070603,
    0.00013120001496535436,
    0.0001218928028121413,
    0.00011269651692527177,
    0.00010364745084375793,
    9.478131709729836e-05,
    8.61331062652391e-05,
    7.773694888474269e-05,
    6.962598075315047e-05,
    6.183221215612905e-05,
    5.438640153769654e-05,
    4.73179341106967e-05,
    4.0654705886788306e-05,
    3.4423013583631635e-05,
    2.86474508437579e-05,
    2.3350811174697774e-05,
    1.8553997993420465e-05,
    1.42759421300971e-05,
    1.05335271167623e-05,
    7.341522555726972e-06,
    4.712525830705356e-06,
    2.656912390696692e-06,
    1.1827948028283352e-06,
    2.9599073575926616e-07,
    0.0
  ],
  "time": [
    1359.30401968956,
    66.94519901275635,
    66.9970350265503,
    67.02991461753845,
    67.0172848701477,
    67.03837370872498,
    66.99935555458069,
    67.04807424545288,
    66.95571422576904,
    67.3392059803009,
    66.9824116230011,
    66.90390586853027,
    66.9228515625,
    66.91803240776062,
    66.95528936386108,
    66.942880153656,
    66.92647314071655,
    66.96321511268616,
    66.9507474899292,
    66.93698716163635,
    66.90441393852234,
    66.91546392440796,
    67.15116882324219,
    66.92601227760315,
    66.96047711372375,
    66.97318077087402,
    66.8903284072876,
    66.93531847000122,
    66.96557807922363,
    66.94914960861206,
    66.94232630729675,
    66.92041158676147,
    67.02588677406311,
    67.2881588935852,
    66.95436334609985,
    66.89401006698608,
    66.90075707435608,
    66.87785077095032,
    66.88211560249329,
    66.93853735923767,
    67.0151755809784,
    66.92379450798035,
    66.85423874855042,
    66.91521215438843,
    66.93814420700073,
    66.97846245765686,
    66.92705750465393,
    66.97410774230957,
    67.09065628051758,
    66.98315858840942
  ]
}